HR,HIP,Name,RA_hours,RA_deg,Dec,Mag
2491,32349,9Alp CMa,6.752472222222222,101.28708333333333,-16.71611111111111,-1.46
2326,30438,Alp Car,6.399194444444445,95.98791666666668,-52.69583333333333,-0.72
5340,69673,16Alp Boo,14.261027777777779,213.9154166666667,19.1825,-0.04
5459,71683,Alp1Cen,14.659972222222223,219.89958333333334,-60.83527777777778,-0.01
7001,91262,3Alp Lyr,18.615638888888892,279.2345833333334,38.78361111111111,0.03
1708,24608,13Alp Aur,5.2781666666666665,79.1725,45.99805555555556,0.08
1713,24436,19Bet Ori,5.242305555555555,78.63458333333332,-8.201666666666666,0.12
2943,37279,10Alp CMi,7.655027777777778,114.82541666666667,5.2250000000000005,0.38
472,7588,Alp Eri,1.6285833333333333,24.42875,-57.236666666666665,0.46
2061,27989,58Alp Ori,5.919527777777778,88.79291666666667,7.406944444444445,0.5
5267,68702,Bet Cen,14.063722222222223,210.95583333333335,-60.37305555555555,0.61
7557,97649,53Alp Aql,19.84638888888889,297.6958333333333,8.868333333333334,0.77
1457,21421,87Alp Tau,4.5986666666666665,68.97999999999999,16.509166666666665,0.85
6134,80763,21Alp Sco,16.490111111111112,247.3516666666667,-26.431944444444447,0.96
5056,65474,67Alp Vir,13.419888888888888,201.29833333333332,-11.161388888888888,0.98
2990,37826,78Bet Gem,7.75525,116.32875,28.02611111111111,1.14
8728,113368,24Alp PsA,22.96086111111111,344.41291666666666,-29.622222222222224,1.16
4853,62434,Bet Cru,12.795333333333334,191.93,-59.68861111111111,1.25
7924,102098,50Alp Cyg,20.690527777777778,310.35791666666665,45.280277777777776,1.25
5460,71681,Alp2Cen,14.660027777777778,219.90041666666667,-60.83555555555556,1.33
4730,60718,Alp1Cru,12.443305555555556,186.64958333333334,-63.09916666666667,1.33
3982,49669,32Alp Leo,10.139527777777777,152.09291666666667,11.967222222222222,1.35
2618,33579,21Eps CMa,6.977083333333334,104.65625,-28.97222222222222,1.5
6527,85927,35Lam Sco,17.56013888888889,263.40208333333334,-37.10388888888889,1.63
4763,61084,Gam Cru,12.519416666666668,187.79125000000002,-57.11333333333334,1.63
1790,25336,24Gam Ori,5.418861111111111,81.28291666666667,6.349722222222222,1.64
1791,25428,112Bet Tau,5.438194444444445,81.57291666666667,28.6075,1.65
3685,45238,Bet Car,9.22,138.3,-69.71722222222222,1.68
1903,26311,46Eps Ori,5.603555555555555,84.05333333333333,-1.2019444444444445,1.7
4731,,Alp2Cru,12.443472222222223,186.65208333333334,-63.099444444444444,1.73
8425,109268,Alp Gru,22.13722222222222,332.0583333333333,-46.961111111111116,1.74
4905,62956,77Eps UMa,12.900472222222223,193.50708333333336,55.959722222222226,1.77
3207,39953,Gam2Vel,8.158888888888889,122.38333333333333,-47.336666666666666,1.78
4301,54061,50Alp UMa,11.062138888888889,165.93208333333334,61.75083333333333,1.79
1017,15863,33Alp Per,3.405388888888889,51.08083333333334,49.861111111111114,1.79
2693,34444,25Del CMa,7.139861111111111,107.09791666666666,-26.393333333333334,1.84
6879,90185,20Eps Sgr,18.40286111111111,276.04291666666666,-34.38472222222222,1.85
5191,67301,85Eta UMa,13.792333333333334,206.885,49.31333333333333,1.86
3307,41037,Eps Car,8.375222222222222,125.62833333333333,-59.50972222222222,1.86
6553,86228,The Sco,17.622,264.33,-42.99777777777778,1.87
2088,28360,34Bet Aur,5.992138888888889,89.88208333333334,44.9475,1.9
6217,82273,Alp TrA,16.811083333333332,252.16625,-69.02777777777777,1.92
2421,31681,24Gam Gem,6.628527777777778,99.42791666666668,16.399166666666666,1.93
7790,100751,Alp Pav,20.427472222222224,306.4120833333334,-56.735,1.94
3485,42913,Del Vel,8.745055555555554,131.17583333333332,-54.708333333333336,1.96
2891,36850,66Alp Gem,7.576666666666666,113.64999999999999,31.888333333333332,1.98
3748,46390,30Alp Hya,9.459777777777777,141.89666666666665,-8.658611111111112,1.98
2294,30324,2Bet CMa,6.378333333333333,95.675,-17.95583333333333,1.98
5958,,,15.991722222222222,239.87583333333333,25.92027777777778,2.0
617,9884,13Alp Ari,2.1195555555555554,31.79333333333333,23.4625,2.0
7121,92855,34Sig Sgr,18.921083333333335,283.81625,-26.296666666666667,2.02
424,11767,1Alp UMi,2.530194444444444,37.95291666666666,89.26416666666667,2.02
188,3419,16Bet Cet,0.7265,10.8975,-17.986666666666668,2.04
1948,26727,50Zet Ori,5.679305555555556,85.18958333333333,-1.9427777777777777,2.05
2004,27366,53Kap Ori,5.795944444444444,86.93916666666667,-9.669722222222221,2.06
15,677,21Alp And,0.13980555555555554,2.097083333333333,29.090555555555554,2.06
5288,68933,5The Cen,14.111388888888888,211.67083333333332,-36.37,2.06
337,5447,43Bet And,1.1621944444444443,17.432916666666664,35.620555555555555,2.06
5563,72607,7Bet UMi,14.845083333333333,222.67625,74.15555555555557,2.08
6556,86032,55Alp Oph,17.58225,263.73375,12.56,2.08
8636,112122,Bet Gru,22.71113888888889,340.6670833333333,-46.88472222222222,2.1
936,14576,26Bet Per,3.136138888888889,47.04208333333334,40.955555555555556,2.12
4534,57632,94Bet Leo,11.817666666666666,177.265,14.571944444444444,2.14
4819,61932,Gam Cen,12.691944444444445,190.37916666666666,-48.959722222222226,2.17
7796,100453,37Gam Cyg,20.370472222222222,305.5570833333333,40.25666666666667,2.2
3634,44816,Lam Vel,9.133277777777778,136.99916666666667,-43.4325,2.21
5793,76267,5Alp CrB,15.578138888888889,233.67208333333332,26.71472222222222,2.23
1852,25930,34Del Ori,5.533444444444444,83.00166666666667,-0.29916666666666664,2.23
168,3179,18Alp Cas,0.6751388888888888,10.127083333333333,56.53722222222222,2.23
6705,87833,33Gam Dra,17.943444444444445,269.1516666666667,51.48888888888889,2.23
3699,45556,Iot Car,9.284833333333333,139.2725,-59.275277777777774,2.25
3165,39429,Zet Pup,8.059750000000001,120.89625000000001,-40.00333333333333,2.25
603,9640,57Gam1And,2.065,30.974999999999998,42.32972222222222,2.26
5054,65378,79Zet UMa,13.39875,200.98125,54.92527777777777,2.27
21,746,11Bet Cas,0.1529722222222222,2.294583333333333,59.14972222222222,2.27
6241,82396,26Eps Sco,16.836055555555554,252.5408333333333,-34.29333333333333,2.29
5469,71860,Alp Lup,14.698833333333333,220.4825,-47.388333333333335,2.3
5132,66657,Eps Cen,13.664777777777779,204.9716666666667,-53.46638888888889,2.3
5440,71352,Eta Cen,14.591777777777779,218.87666666666667,-42.157777777777774,2.31
5953,78401,7Del Sco,16.005555555555556,240.08333333333334,-22.621666666666666,2.32
4295,53910,48Bet UMa,11.030694444444446,165.4604166666667,56.3825,2.37
8308,107315,8Eps Peg,21.736444444444444,326.0466666666667,9.875,2.39
99,2081,Alp Phe,0.4380555555555556,6.570833333333334,-42.30611111111111,2.39
6580,86670,Kap Sco,17.70813888888889,265.62208333333336,-39.03,2.41
8775,113881,53Bet Peg,23.062916666666666,345.94375,28.08277777777778,2.42
6378,84012,35Eta Oph,17.172972222222224,257.5945833333334,-15.724722222222223,2.43
8162,105199,5Alp Cep,21.30966666666667,319.64500000000004,62.58555555555556,2.44
4554,58001,64Gam UMa,11.897166666666665,178.45749999999998,53.69472222222222,2.44
2827,35904,31Eta CMa,7.401583333333334,111.02375,-29.303055555555556,2.45
7949,102488,53Eps Cyg,20.770194444444442,311.55291666666665,33.97027777777778,2.46
264,4427,27Gam Cas,0.9451388888888889,14.177083333333332,60.71666666666667,2.47
8781,113963,54Alp Peg,23.079361111111112,346.1904166666667,15.205277777777777,2.49
3734,45941,Kap Vel,9.368555555555556,140.52833333333334,-55.01083333333333,2.5
911,14135,92Alp Cet,3.038,45.57,4.089722222222222,2.53
5231,68002,Zet Cen,13.925666666666666,208.885,-47.288333333333334,2.55
4357,54872,68Del Leo,11.235138888888889,168.52708333333334,20.52361111111111,2.56
6175,81377,13Zet Oph,16.619305555555556,249.28958333333333,-10.567222222222222,2.56
1865,25985,11Alp Lep,5.5455,83.18249999999999,-17.822222222222223,2.58
4662,59803,4Gam Crv,12.263444444444444,183.95166666666665,-17.541944444444447,2.59
4621,59196,Del Cen,12.139305555555556,182.08958333333334,-50.722500000000004,2.6
7194,93506,38Zet Sgr,19.04352777777778,285.65291666666667,-29.880277777777778,2.6
5685,74785,27Bet Lib,15.283444444444445,229.25166666666667,-9.383055555555556,2.61
4057,50583,41Gam1Leo,10.33286111111111,154.99291666666667,19.841666666666665,2.61
5984,78820,8Bet1Sco,16.09061111111111,241.35916666666662,-19.805555555555557,2.62
2095,28380,37The Aur,5.995361111111111,89.93041666666667,37.212500000000006,2.62
1956,26634,Alp Col,5.660805555555556,84.91208333333334,-34.07416666666667,2.64
553,8903,6Bet Ari,1.9106666666666665,28.659999999999997,20.808055555555555,2.64
4786,61359,9Bet Crv,12.57311111111111,188.59666666666666,-23.396666666666665,2.65
5854,77070,24Alp Ser,15.737805555555555,236.06708333333333,6.4255555555555555,2.65
5571,73273,Bet Lup,14.975527777777778,224.63291666666666,-43.13388888888889,2.68
5235,67927,8Eta Boo,13.911416666666668,208.67125000000001,18.397777777777776,2.68
403,6686,37Del Cas,1.4302777777777778,21.454166666666666,60.23527777777778,2.68
6508,85696,34Ups Sco,17.512722222222223,262.69083333333333,-37.295833333333334,2.69
1577,23015,3Iot Aur,4.949888888888889,74.24833333333333,33.16611111111111,2.69
4216,52727,Mu  Vel,10.7795,161.6925,-49.419999999999995,2.69
4798,61585,Alp Mus,12.619722222222222,189.29583333333335,-69.13555555555556,2.69
2773,35264,Pi  Pup,7.285722222222222,109.28583333333333,-37.097500000000004,2.7
6859,89931,19Del Sgr,18.349916666666665,275.24875,-29.828055555555554,2.7
5506,,36Eps Boo,14.749777777777776,221.24666666666664,27.074166666666667,2.7
7525,97278,50Gam Aql,19.771,296.565,10.613333333333333,2.72
6132,80331,14Eta Dra,16.39986111111111,245.99791666666667,61.51416666666667,2.74
6056,79593,1Del Oph,16.239083333333333,243.58625,-3.6944444444444446,2.74
5531,72622,9Alp2Lib,14.847972222222223,222.71958333333336,-16.041666666666668,2.75
5028,65109,Iot Cen,13.343277777777779,200.14916666666667,-36.71222222222222,2.75
4199,52419,The Car,10.715944444444444,160.73916666666668,-64.39444444444445,2.76
1899,26241,44Iot Ori,5.5905555555555555,83.85833333333333,-5.91,2.77
6148,80816,27Bet Her,16.503666666666668,247.555,21.489722222222223,2.77
6603,86742,60Bet Oph,17.724555555555554,265.86833333333334,4.567222222222222,2.77
5776,76297,Gam Lup,15.585694444444446,233.7854166666667,-41.16694444444444,2.78
6536,85670,23Bet Dra,17.50722222222222,262.60833333333335,52.30138888888889,2.79
1666,23875,67Bet Eri,5.130833333333333,76.9625,-5.086388888888888,2.79
4656,59747,Del Cru,12.252416666666667,183.78625,-58.74888888888889,2.8
98,2021,Bet Hyi,0.4291944444444445,6.437916666666667,-77.25416666666666,2.8
6913,90496,22Lam Sgr,18.466166666666666,276.9925,-25.421666666666667,2.81
3185,39757,15Rho Pup,8.125722222222223,121.88583333333334,-24.304166666666667,2.81
6212,81693,40Zet Her,16.688111111111112,250.3216666666667,31.603055555555557,2.81
6165,81266,23Tau Sco,16.598055555555554,248.9708333333333,-28.21611111111111,2.82
39,1067,88Gam Peg,0.22061111111111112,3.3091666666666666,15.18361111111111,2.83
4932,63608,47Eps Vir,13.036277777777778,195.54416666666668,10.959166666666667,2.83
1829,25606,9Bet Lep,5.47075,82.06125,-20.759444444444444,2.84
6461,85258,Bet Ara,17.421666666666667,261.325,-55.53,2.85
1203,18246,44Zet Per,3.9021944444444445,58.532916666666665,31.88361111111111,2.85
5897,77952,Bet TrA,15.919027777777778,238.78541666666666,-63.43055555555555,2.85
591,9236,Alp Hyi,1.9795,29.6925,-61.569722222222225,2.86
8502,110130,Alp Tuc,22.30836111111111,334.62541666666664,-60.25972222222222,2.86
8322,107556,49Del Cap,21.784000000000002,326.76000000000005,-16.127222222222223,2.87
7528,97165,18Del Cyg,19.749583333333334,296.24375,45.130833333333335,2.87
1165,17702,25Eta Tau,3.7914166666666667,56.87125,24.105,2.87
2890,,66Alp Gem,7.576666666666666,113.64999999999999,31.88861111111111,2.88
2286,30343,13Mu  Gem,6.382666666666666,95.74,22.51361111111111,2.88
5944,78265,6Pi  Sco,15.98086111111111,239.71291666666667,-26.11416666666667,2.89
7264,94141,41Pi  Sgr,19.16272222222222,287.44083333333333,-21.02361111111111,2.89
6084,80112,20Sig Sco,16.35313888888889,245.29708333333335,-25.592777777777776,2.89
5671,74946,Gam TrA,15.315166666666668,229.72750000000002,-68.67944444444444,2.89
1220,18532,45Eps Per,3.9642222222222223,59.46333333333334,40.01027777777778,2.89
4915,63125,12Alp2CVn,12.933805555555557,194.00708333333336,38.318333333333335,2.9
2845,36188,3Bet CMi,7.452500000000001,111.78750000000001,8.289444444444444,2.9
8232,106278,22Bet Aqr,21.525972222222222,322.88958333333335,-5.571111111111111,2.91
2553,32768,Tau Pup,6.832277777777778,102.48416666666667,-50.61472222222223,2.93
915,14328,23Gam Per,3.0799444444444446,46.19916666666667,53.506388888888885,2.93
8650,112158,44Eta Peg,22.716694444444443,340.75041666666664,30.22138888888889,2.94
4757,60965,7Del Crv,12.49775,187.46625,-16.515555555555554,2.95
1231,18543,34Gam Eri,3.967166666666667,59.50750000000001,-13.508611111111112,2.95
6510,85792,Alp Ara,17.530694444444443,262.9604166666666,-49.876111111111115,2.95
8414,109074,34Alp Aqr,22.09638888888889,331.4458333333333,-0.3197222222222222,2.96
2473,32246,27Eps Gem,6.732194444444445,100.98291666666667,25.13111111111111,2.98
3873,47908,17Eps Leo,9.764194444444444,146.46291666666664,23.774166666666666,2.98
6746,88635,10Gam2Sgr,18.096805555555555,271.45208333333335,-30.424166666666668,2.99
7235,93747,17Zet Aql,19.090166666666665,286.35249999999996,13.863333333333333,2.99
1605,23416,7Eps Aur,5.032805555555555,75.49208333333333,43.82333333333334,2.99
5020,64962,46Gam Hya,13.315361111111113,199.73041666666668,-23.171666666666667,3.0
4630,59316,2Eps Crv,12.16875,182.53125,-22.619722222222222,3.0
1910,26451,123Zet Tau,5.627416666666667,84.41125000000001,21.1425,3.0
622,10064,4Bet Tri,2.1590555555555553,32.38583333333333,34.98722222222222,3.0
1122,17358,39Del Per,3.715416666666667,55.73125,47.7875,3.01
8353,108085,Gam Gru,21.898805555555555,328.4820833333333,-37.365,3.01
4335,54539,52Psi UMa,11.161055555555556,167.41583333333335,44.49861111111111,3.01
3890,48002,Ups Car,9.785027777777778,146.77541666666667,-65.07194444444444,3.01
2653,33977,24Omi2CMa,7.050416666666666,105.75625,-23.833333333333332,3.02
2282,30122,1Zet CMa,6.338555555555555,95.07833333333332,-30.063333333333333,3.02
6615,87073,Iot1Sco,17.793083333333335,266.89625,-40.12694444444445,3.03
5435,71075,27Gam Boo,14.534638888888889,218.01958333333334,38.30833333333333,3.03
5193,67472,Mu  Cen,13.826944444444445,207.40416666666667,-42.473888888888894,3.04
681,10826,68Omi Cet,2.3224166666666664,34.83624999999999,-2.9775,3.04
4069,50801,34Mu  UMa,10.37213888888889,155.58208333333334,41.49944444444444,3.05
4844,62322,Bet Mus,12.771361111111112,191.5704166666667,-68.10805555555555,3.05
5735,75097,13Gam UMi,15.345472222222222,230.18208333333334,71.83388888888888,3.05
7310,94376,57Del Dra,19.20925,288.13875,67.66166666666668,3.07
7417,95947,6Bet1Cyg,19.512027777777778,292.68041666666664,27.959722222222222,3.08
6247,82514,Mu 1Sco,16.864500000000003,252.96750000000006,-38.0475,3.08
7776,100345,9Bet Cap,20.350194444444448,305.2529166666667,-14.78138888888889,3.08
6832,89642,Eta Sgr,18.29377777777778,274.4066666666667,-36.76166666666666,3.11
3547,43813,16Zet Hya,8.923222222222222,133.84833333333333,5.945555555555556,3.11
7869,101772,Alp Ind,20.62611111111111,309.39166666666665,-47.29138888888889,3.11
4232,52943,Nu  Hya,10.827083333333333,162.40625,-16.19361111111111,3.11
2040,27628,Bet Col,5.849333333333333,87.74,-35.76833333333333,3.12
3803,46701,,9.520361111111113,142.8054166666667,-57.03444444444444,3.13
5576,73334,Kap Cen,14.986027777777776,224.79041666666666,-42.10416666666667,3.13
6285,83081,Zet Ara,16.976999999999997,254.65499999999994,-55.99027777777778,3.13
4467,56561,Lam Cen,11.596333333333334,173.945,-63.01972222222222,3.13
3705,45860,40Alp Lyn,9.350916666666667,140.26375,34.3925,3.13
6410,84379,65Del Her,17.250527777777776,258.75791666666663,24.839166666666664,3.14
3569,44127,9Iot UMa,8.986777777777776,134.80166666666665,48.041666666666664,3.14
6418,84380,67Pi  Her,17.250777777777778,258.76166666666666,36.80916666666666,3.16
6396,83895,22Zet Dra,17.146444444444445,257.19666666666666,65.71472222222222,3.17
2451,31685,Nu  Pup,6.629361111111112,99.44041666666668,-43.19611111111111,3.17
1641,23767,10Eta Aur,5.108583333333333,76.62875,41.23444444444444,3.17
3775,46853,25The UMa,9.547611111111111,143.21416666666667,51.67722222222222,3.17
7039,92041,27Phi Sgr,18.760944444444444,281.4141666666667,-26.990833333333335,3.17
1654,23685,2Eps Lep,5.091027777777778,76.36541666666666,-22.371111111111112,3.19
5463,71908,Alp Cir,14.708444444444444,220.62666666666667,-64.97527777777778,3.19
1543,22449,1Pi 3Ori,4.830666666666667,72.46,6.961388888888889,3.19
6299,83000,27Kap Oph,16.96113888888889,254.41708333333335,9.375,3.2
8115,104732,64Zet Cyg,21.21561111111111,318.2341666666666,30.22694444444444,3.2
6630,87261,,17.830972222222222,267.46458333333334,-37.04333333333333,3.21
8974,116727,35Gam Cep,23.655777777777775,354.83666666666664,77.6325,3.21
5695,75141,Del Lup,15.356194444444444,230.34291666666667,-40.6475,3.22
8238,106032,8Bet Cep,21.477666666666664,322.16499999999996,70.56083333333333,3.23
7710,99473,65The Aql,20.18841666666667,302.82625,-0.8213888888888888,3.23
7178,93194,14Gam Lyr,18.982388888888888,284.73583333333335,32.68944444444444,3.24
1208,17678,Gam Hyi,3.7873055555555553,56.80958333333333,-74.2388888888889,3.24
6075,79882,2Eps Oph,16.30536111111111,244.58041666666668,-4.6925,3.24
897,13847,The1Eri,2.971027777777778,44.56541666666667,-40.30472222222222,3.24
2878,36377,Sig Pup,7.487166666666667,112.3075,-43.30138888888889,3.25
6869,89962,58Eta Ser,18.35516666666667,275.32750000000004,-2.898888888888889,3.26
1465,21281,Alp Dor,4.5666111111111105,68.49916666666665,-55.044999999999995,3.27
165,3092,31Del And,0.6554722222222222,9.832083333333333,30.860833333333336,3.27
6453,84970,42The Oph,17.366833333333332,260.5025,-24.999444444444446,3.27
2550,32607,Alp Pic,6.803166666666667,102.0475,-61.94138888888889,3.27
8709,113136,76Del Aqr,22.910833333333333,343.66249999999997,-15.820833333333333,3.27
5287,68895,49Pi  Hya,14.106194444444444,211.59291666666667,-26.6825,3.27
2216,29655,7Eta Gem,6.247944444444444,93.71916666666667,22.506666666666668,3.28
5603,73714,20Sig Lib,15.067833333333333,226.01749999999998,-25.281944444444445,3.29
5744,75458,12Iot Dra,15.4155,231.2325,58.96611111111111,3.29
322,5165,Bet Phe,1.101388888888889,16.520833333333336,-46.718611111111116,3.31
1702,24305,5Mu  Lep,5.215527777777778,78.23291666666667,-16.205555555555556,3.31
4660,59774,69Del UMa,12.257111111111112,183.85666666666668,57.0325,3.31
4037,50099,Ome Car,10.228944444444444,153.43416666666667,-70.03805555555556,3.32
4140,51576,,10.533722222222222,158.00583333333333,-61.68527777777778,3.32
7234,93864,40Tau Sgr,19.11566666666667,286.735,-27.670555555555556,3.32
6380,84143,Eta Sco,17.202555555555556,258.03833333333336,-43.23916666666667,3.33
6462,85267,Gam Ara,17.423222222222222,261.34833333333336,-56.3775,3.34
6698,88048,64Nu  Oph,17.983777777777778,269.75666666666666,-9.773611111111112,3.34
3045,38170,7Xi  Pup,7.821583333333333,117.32374999999999,-24.859722222222224,3.34
4359,54879,70The Leo,11.237333333333332,168.55999999999997,15.429444444444444,3.34
8465,109492,21Zet Cep,22.18091666666667,332.71375,58.20111111111111,3.35
1336,19780,Alp Ret,4.2404166666666665,63.606249999999996,-62.473888888888894,3.35
1788,25281,28Eta Ori,5.407944444444444,81.11916666666667,-2.3969444444444443,3.36
7377,95501,30Del Aql,19.424972222222223,291.37458333333336,3.1147222222222224,3.36
3323,41704,1Omi UMa,8.504416666666666,127.56624999999998,60.71805555555556,3.36
2484,32362,31Xi  Gem,6.754833333333333,101.32249999999999,12.895555555555555,3.36
5708,75264,Eps Lup,15.378027777777778,230.67041666666665,-44.68944444444444,3.37
5107,66249,79Zet Vir,13.578222222222221,203.67333333333332,-0.5958333333333333,3.37
4910,63090,43Del Vir,12.926722222222221,193.9008333333333,3.3975,3.38
3482,43109,11Eps Hya,8.779611111111112,131.6941666666667,6.4188888888888895,3.38
542,8886,45Eps Cas,1.9065833333333333,28.59875,63.669999999999995,3.38
921,14354,25Rho Per,3.086277777777778,46.29416666666667,38.84027777777778,3.39
8634,112029,42Zet Peg,22.691027777777776,340.36541666666665,10.831388888888888,3.4
4050,50371,,10.284722222222221,154.27083333333331,-61.33222222222223,3.4
1412,20894,78The2Tau,4.477694444444444,67.16541666666667,15.870833333333334,3.4
5649,74395,Zet Lup,15.204749999999999,228.07125,-52.09916666666667,3.41
544,8796,2Alp Tri,1.8846944444444444,28.270416666666666,29.578888888888887,3.41
5190,67464,Nu  Cen,13.825083333333334,207.37625,-41.687777777777775,3.41
429,6867,Gam Phe,1.4727500000000002,22.091250000000002,-43.318333333333335,3.41
5948,78384,Eta Lup,16.002027777777776,240.03041666666664,-38.39694444444444,3.41
7913,102395,Bet Pav,20.749305555555555,311.2395833333333,-66.20305555555557,3.42
6623,86974,86Mu  Her,17.774305555555554,266.6145833333333,27.720555555555553,3.42
7957,102422,3Eta Cep,20.754833333333334,311.3225,61.83888888888889,3.43
7236,93805,16Lam Aql,19.10413888888889,286.56208333333336,-4.8825,3.44
4031,50335,36Zet Leo,10.278166666666667,154.1725,23.41722222222222,3.44
3659,45080,,9.182777777777778,137.74166666666667,-58.966944444444444,3.44
219,3821,24Eta Cas,0.8183333333333334,12.275,57.81583333333333,3.44
7106,92420,10Bet Lyr,18.834666666666667,282.52,33.36277777777778,3.45
334,5364,31Eta Cet,1.1431666666666667,17.1475,-10.182222222222222,3.45
4033,50372,33Lam UMa,10.284944444444445,154.27416666666667,42.91444444444444,3.45
2646,33856,22Sig CMa,7.028638888888889,105.42958333333333,-27.934722222222224,3.47
3117,38827,Chi Car,7.946305555555556,119.19458333333334,-52.98222222222223,3.47
7635,98337,12Gam Sge,19.979277777777774,299.6891666666666,19.492222222222225,3.47
804,12706,86Gam Cet,2.7216666666666667,40.825,3.2358333333333333,3.47
1239,18724,35Lam Tau,4.011333333333333,60.169999999999995,12.490277777777777,3.47
5681,74666,49Del Boo,15.25838888888889,228.87583333333333,33.31472222222222,3.47
4377,55219,54Nu  UMa,11.307972222222222,169.61958333333334,33.094166666666666,3.48
8684,112748,48Mu  Peg,22.833388888888887,342.50083333333333,24.601666666666667,3.48
6406,84345,64Alp1Her,17.24413888888889,258.6620833333334,14.390277777777778,3.48
8675,112623,Eps Gru,22.809250000000002,342.13875,-51.316944444444445,3.49
5602,73555,42Bet Boo,15.032444444444446,225.48666666666668,40.39055555555556,3.5
509,8102,52Tau Cet,1.7344722222222222,26.017083333333332,-15.9375,3.5
7150,93085,37Xi 2Sgr,18.962166666666665,284.43249999999995,-21.10666666666667,3.51
6897,90422,Alp Tel,18.449555555555555,276.74333333333334,-45.968333333333334,3.51
3975,49583,30Eta Leo,10.122222222222224,151.83333333333334,16.762777777777778,3.52
3249,40526,17Bet Cnc,8.275250000000002,124.12875000000003,9.185555555555556,3.52
8694,112724,32Iot Cep,22.828,342.42,66.20055555555555,3.52
3852,47508,14Omi Leo,9.685833333333333,145.2875,9.892222222222221,3.52
1409,20889,74Eps Tau,4.476944444444444,67.15416666666667,19.18027777777778,3.53
5881,77516,32Mu  Ser,15.827,237.405,-3.4302777777777775,3.53
8450,109427,26The Peg,22.17,332.55,6.197777777777778,3.53
6220,81833,44Eta Her,16.714944444444445,250.72416666666666,38.92222222222222,3.53
2777,35550,55Del Gem,7.335388888888889,110.03083333333333,21.98222222222222,3.53
1136,17378,23Del Eri,3.7208055555555557,55.812083333333334,-9.763333333333334,3.54
4450,56343,Xi  Hya,11.550027777777778,173.25041666666667,-31.85777777777778,3.54
6561,86263,55Xi  Ser,17.626444444444445,264.39666666666665,-15.39861111111111,3.54
3940,48774,Phi Vel,9.947722222222222,149.21583333333334,-54.56777777777778,3.54
1879,26207,39Lam Ori,5.585638888888888,83.78458333333332,9.934166666666666,3.54
5354,69996,Iot Lup,14.32338888888889,214.85083333333333,-46.05777777777777,3.55
1998,27288,14Zet Lep,5.782583333333333,86.73875,-14.821944444444444,3.55
1347,20042,41Ups4Eri,4.2982499999999995,64.47375,-33.79833333333333,3.56
4382,55282,12Del Crt,11.32236111111111,169.83541666666665,-14.778611111111111,3.56
7665,99240,Del Pav,20.145444444444443,302.1816666666667,-66.18194444444445,3.56
5705,75177,Phi1Lup,15.363444444444443,230.45166666666665,-36.26138888888889,3.56
674,10602,Phi Eri,2.275166666666667,34.127500000000005,-51.51222222222222,3.56
74,1562,8Iot Cet,0.32380555555555557,4.857083333333334,-8.823888888888888,3.56
464,7607,51    And,1.6332222222222224,24.498333333333335,48.62833333333333,3.57
6252,82545,Mu 2Sco,16.87225,253.08375,-38.0175,3.57
6927,89937,44Chi Dra,18.350944444444448,275.2641666666667,72.73277777777778,3.57
2985,37740,77Kap Gem,7.740777777777778,116.11166666666666,24.398055555555555,3.57
7754,100064,6Alp2Cap,20.300916666666666,304.51374999999996,-12.544722222222221,3.57
2763,35350,54Lam Gem,7.301555555555556,109.52333333333334,16.540277777777778,3.58
5794,76470,39Ups Lib,15.617083333333333,234.25625,-28.134999999999998,3.58
5429,71053,25Rho Boo,14.5305,217.9575,30.37138888888889,3.58
4700,60260,Eps Cru,12.356,185.34,-60.401111111111106,3.59
3786,46651,Psi Vel,9.511666666666667,142.675,-40.46666666666667,3.6
1735,24674,20Tau Ori,5.293444444444444,79.40166666666666,-6.844444444444444,3.6
3594,44471,12Kap UMa,9.060416666666667,135.90625,47.156666666666666,3.6
1030,15900,1Omi Tau,3.4135555555555555,51.20333333333333,9.02888888888889,3.6
2540,33018,34The Gem,6.879805555555556,103.19708333333335,33.961111111111116,3.6
402,6537,45The Cet,1.400388888888889,21.005833333333335,-8.183333333333334,3.6
1983,27072,13Gam Lep,5.741055555555556,86.11583333333333,-22.448333333333334,3.6
4540,57757,5Bet Vir,11.844916666666668,177.67375,1.7647222222222223,3.61
3017,37819,,7.75425,116.31375,-37.968611111111116,3.61
3994,49841,41Lam Hya,10.176472222222221,152.6470833333333,-12.354166666666666,3.61
437,7097,99Eta Psc,1.524722222222222,22.87083333333333,15.345833333333333,3.62
8762,113726,1Omi And,23.032027777777778,345.48041666666666,42.32611111111112,3.62
6271,82729,Zet2Sco,16.90972222222222,253.64583333333331,-42.36138888888889,3.62
6582,86929,Eta Pav,17.76222222222222,266.4333333333333,-64.7238888888889,3.62
4923,63613,Del Mus,13.037833333333333,195.5675,-71.54888888888888,3.62
6500,85727,Del Ara,17.518305555555553,262.7745833333333,-60.68388888888889,3.62
3447,42536,,8.671555555555555,130.07333333333332,-52.92194444444444,3.62
838,13209,41    Ari,2.833055555555555,42.49583333333333,27.260555555555555,3.63
7882,101769,6Bet Del,20.625833333333333,309.3875,14.595277777777778,3.63
1178,17847,27    Tau,3.8193611111111108,57.29041666666666,24.053333333333335,3.63
4520,57363,Lam Mus,11.760111111111112,176.40166666666667,-66.7286111111111,3.64
5291,68756,11Alp Dra,14.073138888888888,211.09708333333333,64.37583333333333,3.65
7986,103227,Bet Ind,20.9135,313.7025,-58.45416666666667,3.65
1346,20205,54Gam Tau,4.329888888888888,64.94833333333332,15.627500000000001,3.65
4825,61941,29Gam Vir,12.694333333333333,190.415,-1.4494444444444445,3.65
5812,76600,40Tau Lib,15.644277777777777,234.66416666666666,-29.77777777777778,3.66
6743,88714,The Ara,18.11052777777778,271.65791666666667,-50.09166666666667,3.66
153,2920,17Zet Cas,0.6161944444444444,9.242916666666666,53.89694444444444,3.66
8812,114341,88    Aqr,23.157444444444444,347.3616666666667,-21.1725,3.66
5867,77233,28Bet Ser,15.769805555555557,236.54708333333335,15.421944444444444,3.67
3757,46733,23    UMa,9.525472222222223,142.88208333333336,63.06194444444444,3.67
3468,42828,Alp Pyx,8.726527777777777,130.89791666666665,-33.186388888888885,3.68
4826,,29Gam Vir,12.694333333333333,190.415,-1.4494444444444445,3.68
5747,75695,3Bet CrB,15.463805555555554,231.95708333333332,29.105833333333333,3.68
8278,106985,40Gam Cap,21.668194444444445,325.0229166666667,-16.66222222222222,3.68
8852,114971,6Gam Psc,23.286083333333334,349.29125,3.2822222222222224,3.69
1003,15474,16Tau4Eri,3.3252777777777776,49.87916666666666,-21.75777777777778,3.69
3884,47854,,9.754111111111111,146.31166666666667,-62.507777777777775,3.69
1552,22549,3Pi 4Ori,4.8534444444444444,72.80166666666666,5.6049999999999995,3.69
6703,87933,92Xi  Her,17.96275,269.44124999999997,29.247777777777777,3.7
1142,17499,17    Tau,3.747916666666667,56.21875,24.113333333333333,3.7
566,9007,Chi Eri,1.9326388888888888,28.989583333333332,-51.60888888888889,3.7
4518,57399,63Chi UMa,11.7675,176.5125,47.779444444444444,3.71
7602,98036,60Bet Aql,19.92188888888889,298.8283333333334,6.406666666666667,3.71
2085,28103,16Eta Lep,5.940083333333334,89.10125000000001,-14.167777777777777,3.71
5892,77622,37Eps Ser,15.846944444444444,237.70416666666668,4.477777777777778,3.71
1567,22797,8Pi 5Ori,4.904194444444445,73.56291666666668,2.4405555555555556,3.72
8130,104887,65Tau Cyg,21.24652777777778,318.6979166666667,38.04555555555555,3.72
5511,72220,109    Vir,14.770805555555556,221.56208333333333,1.8927777777777777,3.72
8079,104060,62Xi  Cyg,21.082194444444443,316.23291666666665,43.92777777777778,3.72
2077,28358,33Del Aur,5.992111111111111,89.88166666666666,54.28472222222222,3.72
539,8645,55Zet Cet,1.8576666666666668,27.865000000000002,-10.335,3.73
3080,38414,,7.870277777777778,118.05416666666667,-40.575833333333335,3.73
1084,16537,18Eps Eri,3.548833333333333,53.232499999999995,-9.458333333333332,3.73
6771,88771,72    Oph,18.1225,271.8375,9.56388888888889,3.73
1038,16083,2Xi  Tau,3.4528333333333334,51.792500000000004,9.732777777777779,3.74
8698,112961,73Lam Aqr,22.876916666666666,343.15375,-7.579722222222222,3.74
8204,105881,34Zet Cap,21.444444444444446,321.6666666666667,-22.411388888888887,3.74
8571,110991,27Del Cep,22.486194444444447,337.2929166666667,58.415277777777774,3.75
6095,80170,20Gam Her,16.365333333333336,245.48000000000005,19.153055555555554,3.75
6629,87108,62Gam Oph,17.798222222222225,266.97333333333336,2.707222222222222,3.75
6688,87585,32Xi  Dra,17.892138888888887,268.3820833333333,56.87277777777778,3.75
3614,44511,,9.06925,136.03875,-47.09777777777778,3.75
1612,23453,8Zet Aur,5.041305555555556,75.61958333333334,41.075833333333335,3.75
8430,109176,24Iot Peg,22.116861111111113,331.7529166666667,25.345,3.76
6229,82363,Eta Ara,16.82975,252.44625000000002,-59.04138888888889,3.76
1373,20455,61Del1Tau,4.38225,65.73375,17.5425,3.76
1922,26069,Bet Dor,5.560416666666667,83.40625,-62.48972222222222,3.76
8254,107089,Nu  Oct,21.69125,325.36875,-77.39,3.76
834,13268,15Eta Per,2.8449444444444447,42.67416666666667,55.89555555555555,3.76
7906,101958,9Alp Del,20.660638888888887,309.9095833333333,15.911944444444444,3.77
7950,102618,2Eps Aqr,20.794611111111113,311.9191666666667,-9.495833333333332,3.77
1135,17529,41Nu  Per,3.753222222222222,56.29833333333333,42.578611111111115,3.77
3347,41312,Bet Vol,8.428944444444443,126.43416666666666,-66.13694444444445,3.77
7217,93683,39Omi Sgr,19.078055555555554,286.1708333333333,-21.741666666666667,3.77
7328,94779,1Kap Cyg,19.28505555555556,289.27583333333337,53.368611111111115,3.77
8585,111169,7Alp Lac,22.521527777777777,337.82291666666663,50.2825,3.77
4257,53253,,10.891555555555556,163.37333333333333,-58.85333333333333,3.78
2736,34481,Gam2Vol,7.145805555555556,107.18708333333335,-70.49888888888889,3.78
2821,36046,60Iot Gem,7.428777777777778,111.43166666666667,27.798055555555557,3.79
7735,99675,31    Cyg,20.227194444444443,303.40791666666667,46.74138888888889,3.79
7420,95853,10Iot2Cyg,19.495083333333334,292.42625,51.72972222222222,3.79
2650,34088,43Zet Gem,7.068472222222222,106.02708333333332,20.57027777777778,3.79
6588,86414,85Iot Her,17.65775,264.86625,46.006388888888885,3.8
941,14668,27Kap Per,3.1582777777777777,47.37416666666667,44.85722222222223,3.8
5789,,13Del Ser,15.580027777777778,233.70041666666665,10.539166666666667,3.8
5788,76276,13Del Ser,15.580027777777778,233.70041666666665,10.5375,3.8
3888,48319,29Ups UMa,9.849833333333335,147.74750000000003,59.03861111111111,3.8
4058,,41Gam2Leo,10.332944444444443,154.99416666666664,19.840555555555554,3.8
4094,51069,42Mu  Hya,10.434833333333334,156.5225,-16.836388888888887,3.81
2035,27654,15Del Lep,5.855361111111111,87.83041666666666,-20.879166666666666,3.81
1931,26549,48Sig Ori,5.645777777777777,84.68666666666665,-2.6,3.81
3690,45688,38    Lyn,9.314083333333334,139.71125,36.802499999999995,3.82
7536,97365,7Del Sge,19.789805555555557,296.84708333333333,18.534166666666668,3.82
8961,116584,16Lam And,23.626083333333334,354.39125,46.45805555555556,3.82
4114,51232,,10.464638888888889,156.96958333333333,-58.739444444444445,3.82
1464,21393,52Ups2Eri,4.592499999999999,68.88749999999999,-30.56222222222222,3.82
6149,80883,10Lam Oph,16.51522222222222,247.7283333333333,1.983888888888889,3.82
4247,53229,46    LMi,10.888527777777778,163.32791666666668,34.215,3.83
7582,97433,63Eps Dra,19.80288888888889,297.04333333333335,70.26777777777778,3.83
5248,68245,Phi Cen,13.971194444444444,209.56791666666666,-42.100833333333334,3.83
5470,72370,Alp Aps,14.797666666666666,221.965,-79.04472222222222,3.83
6779,88794,103Omi Her,18.125722222222223,271.8858333333333,28.7625,3.83
1131,17448,38Omi Per,3.738638888888889,56.07958333333334,32.288333333333334,3.83
4434,56211,1Lam Dra,11.52338888888889,172.85083333333336,69.33111111111111,3.84
1411,20885,77The1Tau,4.47625,67.14375000000001,15.962222222222222,3.84
6895,90139,109    Her,18.394972222222222,275.9245833333333,21.76972222222222,3.84
8518,110395,48Gam Aqr,22.360944444444446,335.4141666666667,-1.3872222222222221,3.84
3571,43783,,8.917444444444444,133.76166666666666,-60.64472222222222,3.84
5849,76952,8Gam CrB,15.712388888888889,235.68583333333333,26.295555555555556,3.84
4167,51986,,10.621694444444445,159.32541666666668,-48.225833333333334,3.84
3445,42570,,8.67711111111111,130.15666666666664,-46.64888888888889,3.84
6973,91117,Alp Sct,18.586777777777776,278.8016666666666,-8.244166666666667,3.85
6030,79664,Del TrA,16.257305555555554,243.85958333333332,-63.68555555555555,3.85
4133,51624,47Rho Leo,10.546861111111111,158.20291666666668,9.306666666666667,3.85
2296,30277,Del Col,6.368555555555555,95.52833333333332,-33.436388888888885,3.85
2020,27321,Bet Pic,5.788083333333333,86.82124999999999,-51.06638888888889,3.85
4023,50191,,10.24561111111111,153.68416666666664,-42.121944444444445,3.85
1175,17440,Bet Ret,3.736666666666667,56.050000000000004,-64.80694444444444,3.85
5933,78072,41Gam Ser,15.940888888888889,239.11333333333334,15.661666666666667,3.85
2749,35037,28Ome CMa,7.246861111111111,108.70291666666667,-26.772777777777776,3.85
4802,61622,Tau Cen,12.628388888888889,189.42583333333334,-48.54111111111111,3.86
6695,87808,91The Her,17.937555555555555,269.06333333333333,37.25055555555556,3.86
1326,19747,Alp Hor,4.233361111111111,63.500416666666666,-42.294444444444444,3.86
6812,89341,13Mu  Sgr,18.229388888888888,273.44083333333333,-21.05888888888889,3.86
1149,17573,20    Tau,3.763777777777778,56.45666666666667,24.36777777777778,3.87
1481,21594,53    Eri,4.636333333333333,69.54499999999999,-14.30388888888889,3.87
4773,61199,Gam Mus,12.54111111111111,188.11666666666665,-72.13305555555554,3.87
5249,68282,Ups1Cen,13.978,209.67,-44.80361111111111,3.87
4787,61281,5Kap Dra,12.558055555555557,188.37083333333334,69.78833333333333,3.87
963,14879,Alp For,3.2011944444444445,48.017916666666665,-28.986944444444447,3.87
269,4436,37Mu  And,0.9458888888888889,14.188333333333333,38.49944444444444,3.87
1862,25859,Eps Col,5.520194444444444,82.80291666666666,-35.470555555555556,3.87
5646,74376,Kap1Lup,15.198916666666667,227.98375000000001,-48.73777777777778,3.87
2580,33152,16Omi1CMa,6.9021944444444445,103.53291666666667,-24.183888888888887,3.87
5089,65936,,13.517416666666668,202.76125000000002,-39.4075,3.88
3905,48455,24Mu  Leo,9.87938888888889,148.19083333333336,26.006944444444443,3.88
5928,78104,5Rho Sco,15.948083333333333,239.22125,-29.214166666666667,3.88
3665,45336,22The Hya,9.239416666666665,138.59124999999997,2.3141666666666665,3.88
5487,71957,107Mu  Vir,14.717666666666666,220.765,-5.658333333333334,3.88
25,765,Eps Phe,0.15686111111111112,2.3529166666666668,-45.7475,3.88
4390,55425,Pi  Cen,11.350111111111111,170.25166666666667,-54.49111111111111,3.89
874,13701,3Eta Eri,2.9404722222222226,44.107083333333335,-8.898055555555555,3.89
7615,98110,21Eta Cyg,19.938444444444446,299.0766666666667,35.083333333333336,3.89
4689,60129,15Eta Vir,12.331777777777777,184.97666666666666,-0.6669444444444445,3.89
6102,81065,Gam Aps,16.5575,248.3625,-78.89722222222223,3.89
6092,79992,22Tau Her,16.329,244.935,46.31333333333333,3.89
7570,97804,55Eta Aql,19.874555555555556,298.11833333333334,1.0055555555555555,3.9
3314,41307,,8.427666666666665,126.41499999999998,-3.906388888888889,3.9
8820,114421,Iot Gru,23.172666666666668,347.59000000000003,-45.24666666666667,3.9
3845,47431,35Iot Hya,9.664277777777778,144.96416666666667,-1.1427777777777777,3.91
3487,43023,,8.76713888888889,131.50708333333336,-46.041666666666664,3.91
4743,60823,Sig Cen,12.467333333333334,187.01000000000002,-50.230555555555554,3.91
1251,18907,38Nu  Tau,4.052611111111111,60.78916666666667,5.989166666666667,3.91
5787,76333,38Gam Lib,15.592111111111112,233.8816666666667,-14.789444444444444,3.91
4337,54463,,11.143166666666666,167.14749999999998,-58.975,3.91
6324,83207,58Eps Her,17.004833333333334,255.07250000000002,30.92638888888889,3.92
8131,104987,8Alp Equ,21.26372222222222,318.9558333333333,5.247777777777777,3.92
338,5348,Zet Phe,1.13975,17.09625,-55.24583333333334,3.92
7340,95168,44Rho1Sgr,19.361222222222224,290.41833333333335,-17.84722222222222,3.93
2970,37447,26Alp Mon,7.687444444444445,115.31166666666667,-9.551111111111112,3.93
1463,21444,48Nu  Eri,4.605305555555555,69.07958333333332,-3.3525,3.93
8028,103413,58Nu  Cyg,20.95288888888889,314.29333333333335,41.16722222222222,3.94
100,2072,Kap Phe,0.43672222222222223,6.550833333333333,-43.68,3.94
4399,55642,78Iot Leo,11.39875,170.98125,10.529166666666667,3.94
3461,42911,47Del Cnc,8.74475,131.17125,18.154166666666665,3.94
5055,,79Zet UMa,13.399,200.98499999999999,54.92166666666667,3.95
3024,37504,Zet Vol,7.697,115.455,-72.6061111111111,3.95
2429,31592,7Nu 2CMa,6.6113888888888885,99.17083333333333,-19.25583333333333,3.95
854,13531,18Tau Per,2.9043055555555553,43.56458333333333,52.7625,3.95
8667,112440,47Lam Peg,22.77552777777778,341.6329166666667,23.565555555555555,3.95
440,7083,Del Phe,1.520861111111111,22.812916666666666,-49.07277777777778,3.95
5883,77634,5Chi Lup,15.849305555555556,237.73958333333334,-33.62722222222222,3.95
7590,98495,Eps Pav,20.00986111111111,300.1479166666667,-72.91055555555556,3.96
1393,20535,43    Eri,4.400611111111111,66.00916666666666,-34.01694444444444,3.96
5993,78933,9Ome1Sco,16.113444444444447,241.7016666666667,-20.66916666666667,3.96
2120,28328,Eta Col,5.985777777777778,89.78666666666666,-42.81527777777777,3.96
2538,32759,13Kap CMa,6.830694444444444,102.46041666666666,-32.50861111111111,3.96
2996,37677,3    Pup,7.730138888888889,115.95208333333333,-28.954722222222223,3.96
4638,59449,Rho Cen,12.194194444444445,182.9129166666667,-52.368611111111115,3.96
8892,115438,98    Aqr,23.382833333333334,350.7425,-20.100555555555555,3.97
6714,88192,67    Oph,18.01075,270.16125,2.9316666666666666,3.97
8556,110997,Del1Gru,22.487833333333334,337.3175,-43.495555555555555,3.97
7348,95347,Alp Sgr,19.39811111111111,290.97166666666664,-40.61611111111111,3.97
3663,45101,,9.187944444444444,137.81916666666666,-62.31722222222223,3.97
3579,44248,,9.010666666666667,135.16,41.782777777777774,3.97
2012,27673,32Nu  Aur,5.8581666666666665,87.8725,39.14861111111111,3.97
3438,42515,Bet Pyx,8.668388888888888,130.0258333333333,-35.30833333333333,3.97
7751,99848,32    Cyg,20.25786111111111,303.8679166666667,47.714444444444446,3.98
2227,29651,5Gam Mon,6.247583333333333,93.71374999999999,-6.2747222222222225,3.98
2803,35228,Del Vol,7.2805,109.2075,-67.95722222222223,3.98
580,9598,50    Cas,2.05725,30.858749999999997,72.4213888888889,3.98
8848,114996,Gam Tuc,23.2905,349.3575,-58.23583333333333,3.99
585,9347,59Ups Cet,2.0000833333333334,30.001250000000002,-21.07777777777778,4.0
4102,50954,,10.406583333333334,156.09875,-74.03166666666667,4.0
868,,,2.8980277777777776,43.470416666666665,-49.890277777777776,4.0
3615,44382,Alp Vol,9.040777777777778,135.61166666666668,-66.39611111111111,4.0
5471,71865,,14.699333333333334,220.49,-37.79361111111111,4.0
5062,65477,80    UMa,13.420416666666666,201.30625,54.988055555555555,4.01
6982,91792,Zet Pav,18.71725,280.75875,-71.42805555555556,4.01
6027,79374,14Nu  Sco,16.199916666666667,242.99875,-19.460555555555555,4.01
664,10670,9Gam Tri,2.2885833333333334,34.32875,33.84722222222222,4.01
8679,112716,71Tau2Aqr,22.826527777777777,342.3979166666667,-13.592500000000001,4.01
7337,95241,Bet1Sgr,19.377305555555555,290.65958333333333,-44.45888888888889,4.01
5986,78527,13The Dra,16.03147222222222,240.4720833333333,58.56527777777777,4.01
9072,118268,28Ome Psc,23.98852777777778,359.8279166666667,6.863333333333333,4.01
3518,43409,Gam Pyx,8.842194444444445,132.6329166666667,-27.71,4.01
7834,101076,41    Cyg,20.489916666666666,307.34875,30.36861111111111,4.01
8597,111497,62Eta Aqr,22.589277777777777,338.83916666666664,-0.11750000000000001,4.02
3475,43103,48Iot Cnc,8.77827777777778,131.67416666666668,28.76,4.02
4623,59199,1Alp Crv,12.140222222222222,182.10333333333332,-24.728888888888886,4.02
8252,106481,73Rho Cyg,21.56636111111111,323.49541666666664,45.591944444444444,4.02
7176,93244,13Eps Aql,18.993722222222225,284.90583333333336,15.068333333333333,4.02
1520,22109,57Mu  Eri,4.758361111111111,71.37541666666667,-3.254722222222222,4.02
7193,93429,12    Aql,19.028,285.41999999999996,-5.738888888888889,4.02
6072,80000,Gam2Nor,16.330666666666666,244.95999999999998,-50.15555555555555,4.02
4517,57380,3Nu  Vir,11.764333333333333,176.465,6.529444444444445,4.03
1603,23522,10Bet Cam,5.056972222222222,75.85458333333332,60.44222222222222,4.03
7852,101421,2Eps Del,20.553555555555555,308.30333333333334,11.303333333333335,4.03
6752,88601,70    Oph,18.090916666666665,271.36375,2.4994444444444444,4.03
4898,63003,Mu 1Cru,12.90988888888889,193.64833333333334,-57.17777777777778,4.03
7157,92862,13    Lyr,18.922250000000002,283.83375,43.94611111111111,4.04
4679,60009,Zet Cru,12.307250000000002,184.60875000000001,-64.00305555555556,4.04
1228,18614,46Xi  Per,3.9827500000000002,59.74125,35.79111111111111,4.04
1273,19343,48    Per,4.144361111111111,62.16541666666667,47.712500000000006,4.04
1298,19587,38Omi1Eri,4.19775,62.96625,-6.8374999999999995,4.04
5626,74117,Lam Lup,15.147388888888889,227.21083333333334,-45.27972222222222,4.05
5404,70497,23The Boo,14.419944444444443,216.29916666666665,51.850833333333334,4.05
5453,71536,Rho Lup,14.631444444444444,219.47166666666666,-49.42583333333333,4.05
4386,55434,77Sig Leo,11.352277777777777,170.28416666666666,6.029444444444445,4.05
5485,72010,,14.727611111111111,220.91416666666666,-35.17361111111111,4.05
5367,70090,Psi Cen,14.342611111111111,215.13916666666665,-37.88527777777778,4.05
937,14632,Iot Per,3.151111111111111,47.266666666666666,49.61333333333334,4.05
6295,83153,Eps1Ara,16.993083333333335,254.89625,-53.160555555555554,4.06
2905,36962,69Ups Gem,7.598694444444444,113.98041666666666,26.895833333333332,4.06
215,3693,34Zet And,0.7889722222222222,11.834583333333333,24.26722222222222,4.06
5200,67459,5Ups Boo,13.82461111111111,207.36916666666667,15.797777777777778,4.07
3477,42884,,8.739999999999998,131.09999999999997,-42.649166666666666,4.07
779,12387,82Del Cet,2.6580555555555554,39.87083333333333,0.3286111111111111,4.07
1580,22957,9Omi2Ori,4.939527777777778,74.09291666666667,13.514444444444445,4.07
496,8068,Phi Per,1.7276666666666667,25.915,50.68861111111111,4.07
5670,74824,Bet Cir,15.291888888888888,229.37833333333333,-58.801111111111105,4.07
8075,104139,23The Cap,21.09911111111111,316.4866666666667,-17.232777777777777,4.07
3318,40702,Alp Cha,8.30877777777778,124.63166666666669,-76.91972222222223,4.07
2574,33160,14The CMa,6.903166666666667,103.54750000000001,-12.038611111111111,4.07
8316,107259,Mu  Cep,21.725111111111108,325.8766666666666,58.78,4.08
3825,46974,,9.574083333333332,143.61124999999998,-59.22944444444445,4.08
5338,69701,99Iot Vir,14.266916666666667,214.00375,-6.000555555555556,4.08
4405,55705,15Gam Crt,11.414694444444445,171.22041666666667,-17.683888888888887,4.08
4287,53740,7Alp Crt,10.99625,164.94375,-18.29888888888889,4.08
8173,105502,1    Peg,21.368111111111112,320.5216666666667,19.804444444444446,4.08
458,7513,50Ups And,1.6132777777777778,24.199166666666667,41.40555555555555,4.09
705,11001,Del Hyi,2.3624722222222223,35.437083333333334,-68.65944444444445,4.09
1907,26366,40Phi2Ori,5.615083333333333,84.22625,9.290555555555555,4.09
5879,77450,35Kap Ser,15.812333333333335,237.18500000000003,18.141666666666666,4.09
919,14146,11Tau3Eri,3.039861111111111,45.59791666666667,-23.624444444444446,4.09
794,12486,Iot Eri,2.6777777777777776,40.166666666666664,-39.855555555555554,4.11
1066,16369,5    Tau,3.5145555555555554,52.718333333333334,12.936666666666667,4.11
8560,111043,Del2Gru,22.495972222222225,337.43958333333336,-43.74944444444444,4.11
806,12394,Eps Hyi,2.6598333333333333,39.8975,-68.26694444444445,4.11
4671,59929,Eps Mus,12.292805555555555,184.39208333333332,-67.96083333333334,4.11
4522,,,11.775222222222222,176.62833333333333,-61.17833333333333,4.11
7254,94114,Alp CrA,19.15786111111111,287.36791666666664,-37.904444444444444,4.11
4174,51839,Gam Cha,10.591138888888889,158.86708333333334,-78.60777777777777,4.11
5771,76440,Eps TrA,15.612,234.18,-66.31694444444445,4.11
7259,94160,Bet CrA,19.16713888888889,287.50708333333336,-39.340833333333336,4.11
7980,102978,18Ome Cap,20.863694444444445,312.9554166666667,-26.91916666666667,4.11
3055,38164,,7.8206388888888885,117.30958333333332,-46.373333333333335,4.11
4608,58948,9Omi Vir,12.086805555555555,181.30208333333334,8.733055555555556,4.12
799,12777,13The Per,2.736666666666667,41.050000000000004,49.22833333333333,4.12
2657,34045,23Gam CMa,7.0626388888888885,105.93958333333333,-15.633333333333333,4.12
8747,113638,Zet Gru,23.014666666666667,345.22,-52.75416666666667,4.12
2124,28614,61Mu  Ori,6.039722222222222,90.59583333333333,9.647499999999999,4.12
3903,48356,39Ups1Hya,9.857972222222221,147.8695833333333,-14.846666666666668,4.12
7581,98032,Iot Sgr,19.92102777777778,298.8154166666667,-41.86833333333333,4.13
8969,116771,17Iot Psc,23.66583333333333,354.98749999999995,5.626388888888889,4.13
6905,90568,Zet Tel,18.480527777777777,277.2079166666667,-49.07083333333334,4.13
8498,109937,1    Lac,22.266166666666667,333.9925,37.74888888888889,4.13
8315,107354,10Kap Peg,21.744083333333336,326.16125000000005,25.645,4.13
1303,19812,51Mu  Per,4.248305555555556,63.724583333333335,48.409444444444446,4.14
8976,116805,19Kap And,23.673472222222223,355.1020833333333,44.33388888888889,4.14
1784,25247,29    Ori,5.399111111111112,80.98666666666668,-7.808055555555556,4.14
3426,42312,,8.627416666666667,129.41125,-42.98916666666667,4.14
7936,102485,16Psi Cap,20.76825,311.52374999999995,-25.270833333333332,4.14
5778,76127,4The CrB,15.548833333333333,233.2325,31.359166666666667,4.14
5908,77853,46The Lib,15.897083333333333,238.45624999999998,-16.729444444444443,4.15
5947,78159,13Eps CrB,15.959805555555555,239.3970833333333,26.87777777777778,4.15
8630,112405,Bet Oct,22.76758333333333,341.51374999999996,-81.38166666666666,4.15
4616,59072,Eta Cru,12.114694444444444,181.72041666666667,-64.61361111111111,4.15
2343,30883,18Nu  Gem,6.482722222222223,97.24083333333334,20.21222222222222,4.15
2714,34769,22Del Mon,7.19775,107.96625,-0.49277777777777776,4.15
8499,110003,43The Aqr,22.280555555555555,334.2083333333333,-7.783333333333333,4.16
130,2599,15Kap Cas,0.55,8.25,62.931666666666665,4.16
6166,81304,,16.606250000000003,249.09375000000006,-35.25555555555555,4.16
3410,42313,4Del Hya,8.627611111111111,129.41416666666666,5.703611111111111,4.16
2134,28734,1    Gem,6.068666666666666,91.02999999999999,23.263333333333332,4.16
8628,111954,18Eps PsA,22.677611111111112,340.1641666666667,-27.04361111111111,4.17
1195,17874,,3.8242499999999997,57.363749999999996,-36.20027777777778,4.17
6486,85340,44    Oph,17.4395,261.5925,-24.17527777777778,4.17
1156,17608,23    Tau,3.772111111111111,56.58166666666667,23.948333333333334,4.18
5351,69732,19Lam Boo,14.273055555555556,214.09583333333336,46.08833333333334,4.18
2852,36366,62Rho Gem,7.485194444444445,112.27791666666667,31.784444444444446,4.18
5315,69427,98Kap Vir,14.214944444444443,213.22416666666663,-10.273611111111112,4.19
8494,109857,23Eps Cep,22.250555555555554,333.7583333333333,57.04361111111111,4.19
7061,92043,110    Her,18.761027777777777,281.41541666666666,20.54638888888889,4.19
8665,112447,46Xi  Peg,22.778222222222222,341.67333333333335,12.172777777777776,4.19
5192,67457,2    Cen,13.824083333333332,207.36124999999998,-34.450833333333335,4.19
6168,81126,35Sig Her,16.56838888888889,248.52583333333337,42.43694444444444,4.2
3102,38835,11    Pup,7.947638888888889,119.21458333333334,-22.88,4.2
1839,25813,32    Ori,5.513083333333333,82.69625,5.948055555555555,4.2
8720,113246,23Del PsA,22.932472222222223,343.9870833333334,-32.53972222222222,4.21
1035,,,3.484472222222222,52.26708333333333,59.94027777777777,4.21
8841,114855,91Psi1Aqr,23.26486111111111,348.97291666666666,-9.087777777777779,4.21
1949,,50Zet Ori,5.679333333333334,85.19000000000001,-1.9427777777777777,4.21
4100,51233,31Bet LMi,10.464722222222221,156.9708333333333,36.70722222222223,4.21
8834,114724,90Phi Aqr,23.238722222222222,348.5808333333333,-6.0488888888888885,4.22
6920,89908,43Phi Dra,18.345972222222223,275.18958333333336,71.33777777777777,4.22
7850,101093,2The Cep,20.49302777777778,307.3954166666667,62.994166666666665,4.22
7942,102453,52    Cyg,20.761027777777777,311.41541666666666,30.71972222222222,4.22
8181,105858,Gam Pav,21.440722222222224,321.61083333333335,-65.36611111111111,4.22
1387,20635,65Kap1Tau,4.422805555555556,66.34208333333333,22.29388888888889,4.22
7074,92609,Lam Pav,18.87027777777778,283.0541666666667,-62.1875,4.22
7063,92175,Bet Sct,18.786250000000003,281.79375000000005,-4.747777777777777,4.22
8143,105102,67Sig Cyg,21.290277777777778,319.3541666666667,39.39472222222222,4.23
6322,82080,22Eps UMi,16.76613888888889,251.49208333333334,82.03722222222223,4.23
5168,67153,1    Cen,13.761444444444445,206.42166666666668,-33.04388888888889,4.23
1087,16826,37Psi Per,3.608166666666667,54.1225,48.19277777777778,4.23
5987,78918,The Lup,16.109861111111112,241.64791666666667,-36.80222222222222,4.23
77,1599,Zet Tuc,0.33452777777777776,5.017916666666666,-64.87472222222222,4.23
1173,17651,27Tau6Eri,3.7808055555555553,56.71208333333333,-23.249722222222225,4.23
8335,107533,81Pi 2Cyg,21.779888888888888,326.6983333333333,49.309444444444445,4.23
840,13254,16    Per,2.8430833333333334,42.64625,38.31861111111112,4.23
6143,80911,,16.523027777777777,247.84541666666667,-34.70444444444445,4.23
7564,97629,Chi Cyg,19.84275,297.64124999999996,32.91416666666667,4.23
7747,100027,5Alp1Cap,20.29413888888889,304.4120833333334,-12.508333333333333,4.24
3090,38518,,7.888388888888889,118.32583333333334,-48.10305555555556,4.24
6163,81852,Bet Aps,16.71794444444444,250.76916666666662,-77.5175,4.24
285,5372,,1.14575,17.18625,86.25694444444444,4.25
811,12770,89Pi  Cet,2.735388888888889,41.030833333333334,-13.858611111111111,4.25
335,5434,42Phi And,1.1583888888888887,17.37583333333333,47.24194444444444,4.25
5430,70692,5    UMi,14.458749999999998,216.88124999999997,75.69611111111111,4.25
1338,19893,Gam Dor,4.267111111111111,64.00666666666667,-51.486666666666665,4.25
721,11407,Kap Eri,2.4497500000000003,36.74625,-47.70388888888889,4.25
1458,21402,88    Tau,4.59425,68.91375,10.160833333333334,4.25
1454,21476,58    Per,4.6114999999999995,69.17249999999999,41.264722222222225,4.25
4104,51172,Alp Ant,10.452527777777776,156.78791666666663,-31.067777777777778,4.25
3572,44066,65Alp Cnc,8.974777777777778,134.62166666666667,11.857777777777777,4.25
3275,41075,31    Lyn,8.380583333333334,125.70875000000001,43.18805555555555,4.25
6023,79101,11Phi Her,16.146166666666666,242.1925,44.934999999999995,4.26
6581,86565,56Omi Ser,17.69025,265.35375,-12.875277777777779,4.26
4785,61317,8Bet CVn,12.562361111111112,188.4354166666667,41.3575,4.26
4983,64394,43Bet Com,13.197888888888889,197.96833333333333,27.878055555555555,4.26
5264,68520,93Tau Vir,14.027444444444445,210.41166666666666,1.5444444444444443,4.26
4674,60000,Bet Cha,12.305750000000002,184.58625000000004,-79.31222222222222,4.26
510,8198,110Omi Psc,1.7565555555555556,26.348333333333336,9.157777777777778,4.26
2091,28404,35Pi  Aur,5.998916666666667,89.98375,45.93694444444444,4.26
3206,,Gam1Vel,8.158138888888889,122.37208333333334,-47.34583333333334,4.27
4889,62896,,12.890611111111111,193.35916666666668,-40.178888888888885,4.27
1008,15510,,3.3321388888888888,49.98208333333333,-43.069722222222225,4.27
1473,21589,90    Tau,4.635972222222222,69.53958333333333,12.510833333333334,4.27
7948,102532,12Gam2Del,20.777638888888887,311.6645833333333,16.124166666666667,4.27
1679,23972,69Lam Eri,5.152444444444445,77.28666666666668,-8.754166666666666,4.27
4942,64004,Xi 2Cen,13.115166666666667,196.72750000000002,-49.90611111111111,4.27
5683,74911,Mu  Lup,15.30888888888889,229.63333333333333,-47.875,4.27
8418,109139,33Iot Aqr,22.107277777777778,331.6091666666667,-13.869722222222222,4.27
1088,16611,19Tau5Eri,3.5631388888888886,53.44708333333333,-21.63277777777778,4.27
813,12828,87Mu  Cet,2.7490277777777776,41.235416666666666,10.114166666666666,4.27
8167,105515,32Iot Cap,21.37077777777778,320.56166666666667,-16.834444444444443,4.28
718,11484,73Xi 2Cet,2.4693055555555556,37.03958333333333,8.459999999999999,4.28
1101,16852,10    Tau,3.6145555555555555,54.218333333333334,0.40166666666666667,4.28
294,4906,71Eps Psc,1.0490555555555556,15.735833333333334,7.89,4.28
8787,114131,The Gru,23.11466666666667,346.72,-43.52055555555555,4.28
1497,21881,94Tau Tau,4.704083333333333,70.56125,22.956944444444442,4.28
1392,20711,69Ups Tau,4.438472222222223,66.57708333333335,22.81361111111111,4.28
8916,115830,10The Psc,23.46613888888889,351.9920833333333,6.378888888888889,4.28
6147,80894,8Phi Oph,16.51897222222222,247.7845833333333,-16.61277777777778,4.28
4552,57936,Bet Hya,11.881833333333335,178.22750000000002,-33.908055555555556,4.28
4180,52154,,10.655111111111111,159.82666666666665,-55.60333333333333,4.28
2973,37629,75Sig Gem,7.721861111111111,115.82791666666667,28.88361111111111,4.28
6492,85423,45    Oph,17.455916666666667,261.83875,-29.866944444444446,4.29
6546,86170,,17.609111111111112,264.13666666666666,-38.63527777777778,4.29
3751,,,9.618111111111112,144.27166666666668,81.32638888888889,4.29
7343,95294,Bet2Sgr,19.387,290.805,-44.79972222222222,4.29
8965,116631,17Iot And,23.63561111111111,354.53416666666664,43.268055555555556,4.29
8334,107418,10Nu  Cep,21.757472222222223,326.3620833333333,61.12083333333334,4.29
1542,22783,9Alp Cam,4.900833333333334,73.5125,66.34277777777777,4.29
8417,108917,17Xi  Cep,22.063166666666667,330.9475,64.62777777777777,4.29
1389,20648,68Del3Tau,4.424833333333334,66.3725,17.928055555555556,4.29
1261,19167,47Lam Per,4.109722222222222,61.64583333333332,50.35138888888889,4.29
8576,111188,17Bet PsA,22.52508333333333,337.87624999999997,-32.346111111111114,4.29
1320,19860,49Mu  Tau,4.258916666666667,63.883750000000006,8.892222222222221,4.29
8454,109410,29Pi 2Peg,22.166444444444444,332.49666666666667,33.17833333333333,4.29
1756,24845,6Lam Lep,5.32625,79.89375,-13.176666666666666,4.29
7139,92791,12Del2Lyr,18.908388888888886,283.6258333333333,36.89888888888889,4.3
1145,17531,19    Tau,3.7534722222222223,56.302083333333336,24.46722222222222,4.3
7740,99655,33    Cyg,20.223305555555555,303.3495833333333,56.56777777777778,4.3
4471,56647,91Ups Leo,11.615805555555555,174.23708333333332,-0.8238888888888889,4.3
3454,42799,7Eta Hya,8.720416666666667,130.80625,3.3986111111111112,4.3
3773,46750,4Lam Leo,9.528666666666668,142.93,22.968055555555555,4.31
4775,61174,8Eta Crv,12.5345,188.01749999999998,-16.19611111111111,4.31
5733,75411,51Mu 1Boo,15.408166666666666,231.1225,37.37722222222222,4.31
280,4577,Alp Scl,0.9767777777777777,14.651666666666666,-29.3575,4.31
1496,21763,54    Eri,4.674027777777778,70.11041666666667,-19.671666666666667,4.32
2854,36284,4Gam CMi,7.469388888888889,112.04083333333334,8.925555555555555,4.32
4537,57669,,11.828083333333334,177.42125000000001,-63.788333333333334,4.32
5997,78990,10Ome2Sco,16.123416666666667,241.85125000000002,-20.86861111111111,4.32
7884,101847,71    Aql,20.638972222222222,309.58458333333334,-1.1052777777777778,4.32
3484,43067,12    Hya,8.772916666666667,131.59375,-13.547777777777778,4.32
5528,72683,Omi Lup,14.860666666666667,222.91,-43.57555555555556,4.32
5903,77055,16Zet UMi,15.734305555555554,236.01458333333332,77.79444444444444,4.32
5339,70638,Del Oct,14.448583333333334,216.72875,-83.66777777777779,4.32
4599,58758,The1Cru,12.050416666666667,180.75625,-63.312777777777775,4.33
343,5542,33The Cas,1.1850555555555555,17.77583333333333,55.14972222222222,4.33
2387,31125,4Xi 1CMa,6.530916666666666,97.96374999999999,-23.418333333333333,4.33
3457,42568,,8.676944444444445,130.15416666666667,-59.76111111111111,4.33
6446,84880,53Nu  Ser,17.34713888888889,260.20708333333334,-12.846944444444444,4.33
5358,70069,,14.338750000000001,215.08125,-56.38666666666666,4.33
6872,89826,1Kap Lyr,18.331027777777777,274.96541666666667,36.06444444444444,4.33
4888,62867,,12.88525,193.27875,-48.94333333333333,4.33
5797,76552,Ome Lup,15.634222222222222,234.51333333333332,-42.5675,4.33
596,,113Alp Psc,2.034111111111111,30.511666666666667,2.763611111111111,4.33
6498,85355,49Sig Oph,17.441916666666668,261.62875,4.140277777777778,4.34
5260,68523,Ups2Cen,14.028722222222223,210.43083333333334,-45.603611111111114,4.34
5686,74857,2    Lup,15.297194444444445,229.45791666666668,-30.148888888888887,4.34
3696,45496,,9.270055555555556,139.05083333333334,-57.54138888888889,4.34
8313,107348,9    Peg,21.741861111111113,326.1279166666667,17.35,4.34
8305,107380,9Iot PsA,21.749111111111112,326.2366666666667,-33.02583333333333,4.34
3188,39863,29Zet Mon,8.143222222222223,122.14833333333334,-2.983888888888889,4.34
5396,70576,Tau2Lup,14.436333333333334,216.54500000000002,-45.379444444444445,4.35
6745,88866,Pi  Pav,18.143,272.145,-63.66833333333333,4.35
2219,29696,44Kap Aur,6.256305555555556,93.84458333333333,29.498055555555556,4.35
2560,33449,15    Lyn,6.954583333333334,104.31875000000001,58.4225,4.35
2015,27100,Del Dor,5.746222222222222,86.19333333333333,-65.73555555555555,4.35
3836,47175,,9.613777777777777,144.20666666666665,-49.35527777777778,4.35
3340,40888,The Cha,8.344027777777779,125.16041666666668,-77.48444444444445,4.35
3223,39794,Eps Vol,8.132166666666667,121.9825,-68.61722222222221,4.35
951,14838,57Del Ari,3.193833333333333,47.9075,19.726666666666667,4.35
898,,The2Eri,2.9711944444444445,44.56791666666667,-40.30444444444444,4.35
2106,28199,Gam Col,5.958944444444445,89.38416666666667,-35.28333333333333,4.36
1256,19038,37    Tau,4.07825,61.17375,22.081944444444446,4.36
8572,111022,5    Lac,22.492166666666666,337.3825,47.706944444444446,4.36
1705,24327,4Kap Lep,5.220527777777778,78.30791666666667,-12.94138888888889,4.36
1052,16335,35Sig Per,3.5095833333333335,52.643750000000004,47.99527777777778,4.36
1544,22509,2Pi 2Ori,4.843527777777777,72.65291666666666,8.900277777777777,4.36
7314,94713,21The Lyr,19.272805555555554,289.0920833333333,38.13361111111111,4.36
7447,96468,41Iot Aql,19.61202777777778,294.1804166666667,-1.2863888888888888,4.36
6855,90098,Xi  Pav,18.38711111111111,275.8066666666667,-61.49388888888889,4.36
5285,68862,Chi Cen,14.100777777777777,211.51166666666666,-41.17972222222222,4.36
6787,88886,102    Her,18.145972222222223,272.18958333333336,20.814444444444444,4.36
191,3405,Eta Phe,0.7225555555555556,10.838333333333335,-57.463055555555556,4.36
7069,92161,111    Her,18.783694444444446,281.7554166666667,18.18138888888889,4.36
7056,91971,6Zet1Lyr,18.746222222222222,281.1933333333333,37.605000000000004,4.36
154,2912,29Pi  And,0.6146944444444444,9.220416666666667,33.71944444444445,4.36
4737,60742,15Gam Com,12.448972222222222,186.73458333333335,28.26833333333333,4.36
3492,43234,13Rho Hya,8.807222222222222,132.10833333333335,5.837777777777777,4.36
6789,85822,23Del UMi,17.53691666666667,263.05375000000004,86.58638888888889,4.36
3980,49637,31    Leo,10.13175,151.97625,9.997499999999999,4.37
8937,116231,Bet Scl,23.54952777777778,353.2429166666667,-37.818333333333335,4.37
163,3031,30Eps And,0.6425833333333333,9.63875,29.311666666666667,4.37
2596,33347,20Iot CMa,6.935611111111111,104.03416666666666,-17.054166666666667,4.37
2256,29807,Kap Col,6.275861111111111,94.13791666666667,-35.14055555555556,4.37
649,10324,65Xi 1Cet,2.216666666666667,33.25,8.846666666666668,4.37
7623,98412,The1Sgr,19.995611111111113,299.9341666666667,-35.27638888888889,4.37
7479,96757,5Alp Sge,19.668277777777778,295.02416666666664,18.01388888888889,4.37
7488,96837,6Bet Sge,19.68413888888889,295.26208333333335,17.47611111111111,4.37
126,2484,Bet1Tuc,0.52575,7.88625,-62.95805555555556,4.37
6281,82673,25Iot Oph,16.900138888888886,253.5020833333333,10.165277777777778,4.38
4963,64238,51The Vir,13.165833333333333,197.4875,-5.538888888888889,4.38
1845,25945,119    Tau,5.536888888888889,83.05333333333334,18.594444444444445,4.38
8858,115033,93Psi2Aqr,23.29838888888889,349.47583333333336,-9.1825,4.39
3145,39311,,8.037749999999999,120.56624999999998,2.3344444444444448,4.39
4293,53773,,11.002583333333334,165.03875,-42.225833333333334,4.39
6445,84893,40Xi  Oph,17.350055555555556,260.25083333333333,-21.11277777777778,4.39
1560,22701,61Ome Eri,4.881583333333333,73.22375,-5.452777777777778,4.39
7298,94481,20Eta Lyr,19.229305555555555,288.4395833333333,39.14611111111111,4.39
8906,115669,99    Aqr,23.43411111111111,351.51166666666666,-20.641944444444444,4.39
7750,99255,1Kap Cep,20.148138888888887,302.22208333333333,77.71138888888889,4.39
2435,31407,,6.582944444444444,98.74416666666666,-52.97555555555556,4.39
8140,105319,The Ind,21.33111111111111,319.96666666666664,-53.44972222222222,4.39
3192,39906,16    Pup,8.150444444444444,122.25666666666666,-19.245,4.4
5601,73620,110    Vir,15.048333333333334,225.725,2.091388888888889,4.4
8905,115623,68Ups Peg,23.423000000000002,351.345,23.404166666666665,4.4
8368,108431,Del Ind,21.965305555555556,329.4795833333333,-54.9925,4.4
2554,32761,,6.830916666666666,102.46374999999999,-53.62222222222222,4.4
2782,35415,30Tau CMa,7.3117777777777775,109.67666666666666,-24.954166666666666,4.4
555,8837,Psi Phe,1.894111111111111,28.411666666666665,-46.302499999999995,4.41
5526,72571,58    Hya,14.83813888888889,222.57208333333335,-27.960277777777776,4.41
6707,87998,94Nu  Her,17.975055555555553,269.6258333333333,30.189444444444444,4.41
3129,38957,,7.970666666666666,119.56,-49.245,4.41
4375,,53Xi  UMa,11.303055555555556,169.54583333333335,31.529166666666665,4.41
8863,115102,Gam Scl,23.31372222222222,349.7058333333333,-32.53194444444444,4.41
6526,85693,76Lam Her,17.512305555555557,262.68458333333336,26.110555555555557,4.41
2047,27913,54Chi1Ori,5.906361111111112,88.59541666666668,20.27611111111111,4.41
1876,26176,37Phi1Ori,5.580333333333333,83.705,9.489444444444443,4.41
8819,114222,33Pi  Cep,23.13163888888889,346.9745833333333,75.3875,4.41
2697,34693,46Tau Gem,7.185666666666667,107.78500000000001,30.24527777777778,4.41
9089,154,30    Psc,0.03266666666666666,0.48999999999999994,-6.014166666666667,4.41
271,4463,38Eta And,0.9534444444444444,14.301666666666666,23.4175,4.42
2159,29038,67Nu  Ori,6.126194444444444,91.89291666666665,14.768333333333334,4.42
5425,71121,Sig Lup,14.543583333333332,218.15374999999997,-50.456944444444446,4.42
5378,70300,,14.383944444444444,215.75916666666666,-39.51222222222222,4.42
4300,53954,60    Leo,11.038833333333333,165.58249999999998,20.179722222222225,4.42
8559,,55Zet2Aqr,22.480583333333332,337.20874999999995,-0.02,4.42
1162,17593,26Pi  Eri,3.7690277777777776,56.53541666666666,-12.101666666666667,4.42
6118,80569,7Chi Oph,16.450388888888888,246.75583333333333,-18.45638888888889,4.42
7951,102624,3    Aqr,20.795611111111114,311.9341666666667,-5.027777777777778,4.42
7806,100587,39    Cyg,20.397694444444443,305.96541666666667,32.19,4.43
8146,105138,66Ups Cyg,21.298638888888892,319.4795833333334,34.89694444444444,4.43
224,3786,63Del Psc,0.8113888888888889,12.170833333333334,7.585,4.43
1325,19849,40Omi2Eri,4.254527777777778,63.81791666666666,-7.652777777777779,4.43
8538,110538,3Bet Lac,22.392666666666667,335.89,52.22916666666667,4.43
7928,102281,11Del Del,20.724305555555553,310.8645833333333,15.074444444444444,4.43
5478,,30Zet Boo,14.685805555555556,220.28708333333333,13.728333333333333,4.43
5868,77257,27Lam Ser,15.774055555555556,236.61083333333335,7.353055555555555,4.43
2443,31700,8Nu 3CMa,6.631500000000001,99.47250000000001,-18.2375,4.43
7107,93015,Kap Pav,18.949166666666667,284.2375,-67.23361111111112,4.44
3418,42402,5Sig Hya,8.645944444444444,129.68916666666667,3.341388888888889,4.44
3243,40326,,8.234138888888888,123.51208333333331,-40.34805555555556,4.44
7405,95771,6Alp Vul,19.478416666666664,292.17625,24.665,4.44
2298,30419,8Eps Mon,6.396138888888889,95.94208333333334,4.592777777777777,4.44
48,1170,7    Cet,0.244,3.66,-18.93277777777778,4.44
489,7884,106Nu  Psc,1.6905277777777779,25.357916666666668,5.4875,4.44
1355,19921,Eps Ret,4.274694444444444,64.12041666666666,-59.301944444444445,4.44
1696,24244,3Iot Lep,5.2049722222222226,78.07458333333334,-11.869166666666667,4.45
2906,,,7.567555555555555,113.51333333333332,-22.296111111111113,4.45
1502,21770,Alp Cae,4.676027777777778,70.14041666666667,-41.86388888888889,4.45
7352,94648,60Tau Dra,19.259166666666665,288.8875,73.35555555555555,4.45
3225,40091,,8.189305555555556,122.83958333333334,-39.618611111111115,4.45
4234,52633,Del2Cha,10.763,161.445,-80.54027777777777,4.45
4159,51849,,10.59313888888889,158.89708333333334,-57.55777777777777,4.45
3270,40706,,8.30925,124.63875,-36.659444444444446,4.45
7429,96229,38Mu  Aql,19.568166666666666,293.5225,7.378888888888889,4.45
6723,88290,68    Oph,18.02922222222222,270.4383333333333,1.3052777777777778,4.45
3591,44191,,9.0015,135.0225,-41.25388888888889,4.45
6153,80975,9Ome Oph,16.535611111111113,248.0341666666667,-21.46638888888889,4.45
841,13147,Bet For,2.8181666666666665,42.272499999999994,-32.405833333333334,4.46
3731,46146,1Kap Leo,9.410916666666667,141.16375,26.182222222222222,4.46
5447,71284,28Sig Boo,14.578,218.67,29.745,4.46
4546,57803,,11.852416666666667,177.78625,-45.17361111111111,4.46
8695,112948,22Gam PsA,22.875444444444444,343.13166666666666,-32.87555555555556,4.46
8411,109111,Lam Gru,22.101916666666668,331.52875,-39.54333333333333,4.46
1698,24331,17Rho Ori,5.221527777777778,78.32291666666667,2.861111111111111,4.46
8632,111944,11    Lac,22.675250000000002,340.12875,44.27638888888889,4.46
4368,55084,74Phi Leo,11.277694444444446,169.1654166666667,-3.6516666666666664,4.47
2506,32578,18    Mon,6.797666666666666,101.96499999999999,2.4122222222222223,4.47
4618,,,12.134777777777778,182.02166666666668,-50.66138888888889,4.47
6115,80582,Eps Nor,16.453083333333332,246.79625,-47.555,4.47
1155,,,3.825333333333333,57.379999999999995,65.5261111111111,4.47
8789,114119,86    Aqr,23.111361111111112,346.67041666666665,-23.743055555555557,4.47
999,,,3.339,50.085,29.048333333333336,4.47
1601,23123,10Pi 6Ori,4.975805555555556,74.63708333333334,1.7141666666666666,4.47
1568,23040,7    Cam,4.954777777777778,74.32166666666667,53.75222222222222,4.47
818,12843,1Tau1Eri,2.7517222222222224,41.27583333333334,-18.572499999999998,4.47
8540,110838,Del Tuc,22.455555555555556,336.8333333333333,-64.96638888888889,4.48
4343,54682,11Bet Crt,11.194305555555555,167.91458333333333,-22.825833333333332,4.48
3619,44901,15    UMa,9.14786111111111,137.21791666666667,51.60472222222222,4.48
3974,49593,21    LMi,10.123833333333334,151.85750000000002,35.24472222222222,4.48
2361,30788,Lam CMa,6.4694722222222225,97.04208333333334,-32.580000000000005,4.48
2199,29426,70Xi  Ori,6.199,92.985,14.208888888888888,4.48
2238,30060,2    Lyn,6.327055555555555,94.90583333333332,59.01083333333333,4.48
7469,96441,13The Cyg,19.607361111111114,294.1104166666667,50.221111111111114,4.48
3643,44599,,9.085777777777778,136.2866666666667,-72.60277777777777,4.48
2740,34834,,7.209333333333333,108.14,-46.75944444444445,4.49
8485,,,22.231305555555554,333.46958333333333,39.715,4.49
5570,73165,16    Lib,14.953055555555554,224.29583333333332,-4.346388888888889,4.49
3084,38455,,7.877416666666667,118.16125000000001,-38.863055555555555,4.49
3498,43105,,8.778472222222224,131.67708333333334,-56.76972222222222,4.49
8988,116971,105Ome2Aqr,23.712027777777777,355.68041666666664,-14.545,4.49
2478,32249,30    Gem,6.733138888888889,100.99708333333334,13.227777777777778,4.49
8123,104858,7Del Equ,21.24136111111111,318.62041666666664,10.006944444444445,4.49
1394,20713,71    Tau,4.439111111111111,66.58666666666666,15.618333333333334,4.49
3981,49641,15Alp Sex,10.132305555555556,151.98458333333335,-0.37166666666666665,4.49
3034,38070,Omi Pup,7.801444444444444,117.02166666666666,-25.93722222222222,4.5
4259,53417,54    Leo,10.926888888888888,163.9033333333333,24.749722222222225,4.5
4074,50676,,10.348555555555556,155.22833333333335,-56.043055555555554,4.5
3799,47006,26    UMa,9.580416666666666,143.70624999999998,52.05138888888889,4.5
6104,80343,4Psi Oph,16.401722222222222,246.02583333333334,-20.0375,4.5
8984,116928,18Lam Psc,23.700777777777777,355.51166666666666,1.78,4.5
5185,67275,4Tau Boo,13.787694444444444,206.81541666666666,17.456666666666667,4.5
8080,104234,24    Cap,21.118805555555557,316.78208333333333,-25.00583333333333,4.5
2385,31216,13    Mon,6.548388888888889,98.22583333333333,7.333055555555555,4.5
2948,37229,,7.647027777777777,114.70541666666665,-26.801666666666666,4.5
8431,109285,14Mu  PsA,22.139722222222222,332.0958333333333,-32.98861111111111,4.5
9076,118322,Eps Tuc,23.998611111111114,359.9791666666667,-65.57722222222222,4.5
